"year","countryCode","species","n_observations","country_name"
1829,"SE","Calidris temminckii",1,"Sweden"
1836,"SE","Calidris maritima",1,"Sweden"
1837,"SE","Calidris minuta",1,"Sweden"
1842,"SE","Calidris maritima",1,"Sweden"
1844,"SE","Calidris ferruginea",1,"Sweden"
1845,"SE","Calidris maritima",1,"Sweden"
1845,"SE","Calidris minuta",1,"Sweden"
1845,"SE","Calidris temminckii",1,"Sweden"
1865,"NO","Calidris maritima",1,"Norway"
1868,"NO","Calidris maritima",1,"Norway"
1868,"NO","Calidris minuta",1,"Norway"
1871,"SE","Calidris maritima",2,"Sweden"
1875,"SE","Calidris maritima",2,"Sweden"
1875,"SE","Calidris temminckii",2,"Sweden"
1876,"SE","Calidris minuta",1,"Sweden"
1877,"SE","Calidris minuta",1,"Sweden"
1879,"NO","Calidris alba",1,"Norway"
1879,"NO","Calidris maritima",1,"Norway"
1880,"NO","Calidris alba",4,"Norway"
1881,"SE","Calidris maritima",1,"Sweden"
1882,"NO","Calidris alba",1,"Norway"
1884,"NO","Calidris maritima",1,"Norway"
1885,"NO","Calidris temminckii",1,"Norway"
1885,"SE","Calidris ferruginea",1,"Sweden"
1885,"SE","Calidris minuta",1,"Sweden"
1886,"NO","Calidris alba",1,"Norway"
1886,"NO","Calidris maritima",1,"Norway"
1887,"NO","Calidris minuta",1,"Norway"
1887,"SE","Calidris ferruginea",3,"Sweden"
1887,"SE","Calidris minuta",1,"Sweden"
1887,"SE","Calidris temminckii",1,"Sweden"
1888,"FI","Calidris temminckii",1,"Finland"
1888,"NO","Calidris maritima",1,"Norway"
1888,"SE","Calidris alpina",2,"Sweden"
1888,"SE","Calidris ferruginea",1,"Sweden"
1888,"SE","Calidris maritima",2,"Sweden"
1888,"SE","Calidris minuta",1,"Sweden"
1888,"SE","Calidris temminckii",1,"Sweden"
1889,"NO","Calidris maritima",1,"Norway"
1889,"NO","Calidris minuta",2,"Norway"
1889,"SE","Calidris ferruginea",7,"Sweden"
1889,"SE","Calidris minuta",1,"Sweden"
1889,"SE","Calidris temminckii",2,"Sweden"
1890,"SE","Calidris ferruginea",1,"Sweden"
1891,"SE","Calidris ferruginea",1,"Sweden"
1892,"NO","Calidris maritima",1,"Norway"
1895,"NO","Calidris ferruginea",2,"Norway"
1895,"NO","Calidris minuta",1,"Norway"
1895,"NO","Calidris temminckii",2,"Norway"
1896,"NO","Calidris ferruginea",3,"Norway"
1896,"NO","Calidris minuta",2,"Norway"
1896,"NO","Calidris temminckii",1,"Norway"
1896,"SE","Calidris alba",1,"Sweden"
1896,"SE","Calidris ferruginea",2,"Sweden"
1897,"NO","Calidris ferruginea",1,"Norway"
1897,"NO","Calidris minuta",2,"Norway"
1897,"NO","Calidris temminckii",1,"Norway"
1897,"SE","Calidris ferruginea",4,"Sweden"
1898,"NO","Calidris alba",1,"Norway"
1898,"NO","Calidris ferruginea",1,"Norway"
1898,"NO","Calidris minuta",1,"Norway"
1898,"NO","Calidris temminckii",1,"Norway"
1899,"NO","Calidris ferruginea",1,"Norway"
1899,"NO","Calidris minuta",2,"Norway"
1899,"NO","Calidris temminckii",1,"Norway"
1900,"NO","Calidris ferruginea",1,"Norway"
1900,"NO","Calidris minuta",1,"Norway"
1900,"NO","Calidris temminckii",1,"Norway"
1901,"NO","Calidris ferruginea",1,"Norway"
1901,"NO","Calidris minuta",1,"Norway"
1901,"NO","Calidris temminckii",1,"Norway"
1902,"NO","Calidris ferruginea",1,"Norway"
1902,"NO","Calidris minuta",1,"Norway"
1902,"NO","Calidris temminckii",1,"Norway"
1903,"NO","Calidris ferruginea",1,"Norway"
1903,"NO","Calidris minuta",1,"Norway"
1903,"NO","Calidris temminckii",1,"Norway"
1904,"NO","Calidris ferruginea",1,"Norway"
1904,"NO","Calidris minuta",1,"Norway"
1904,"NO","Calidris temminckii",1,"Norway"
1905,"NO","Calidris ferruginea",1,"Norway"
1905,"NO","Calidris minuta",1,"Norway"
1905,"NO","Calidris temminckii",1,"Norway"
1908,"NO","Calidris maritima",1,"Norway"
1910,"NO","Calidris temminckii",1,"Norway"
1916,"NO","Calidris ferruginea",1,"Norway"
1918,"SE","Calidris maritima",1,"Sweden"
1920,"NO","Calidris temminckii",2,"Norway"
1921,"NO","Calidris temminckii",2,"Norway"
1922,"NO","Calidris temminckii",2,"Norway"
1922,"SE","Calidris maritima",3,"Sweden"
1923,"NO","Calidris temminckii",2,"Norway"
1923,"SE","Calidris maritima",1,"Sweden"
1924,"NO","Calidris temminckii",2,"Norway"
1924,"SE","Calidris maritima",1,"Sweden"
1925,"NO","Calidris temminckii",2,"Norway"
1925,"SE","Calidris maritima",2,"Sweden"
1926,"NO","Calidris temminckii",2,"Norway"
1926,"SE","Calidris minuta",1,"Sweden"
1927,"NO","Calidris temminckii",2,"Norway"
1928,"NO","Calidris temminckii",2,"Norway"
1928,"SE","Calidris alpina",5,"Sweden"
1928,"SE","Calidris ferruginea",1,"Sweden"
1929,"NO","Calidris temminckii",2,"Norway"
1929,"SE","Calidris alpina",1,"Sweden"
1930,"NO","Calidris alba",1,"Norway"
1930,"NO","Calidris minuta",2,"Norway"
1930,"NO","Calidris temminckii",1,"Norway"
1930,"SE","Calidris maritima",2,"Sweden"
1931,"NO","Calidris alba",1,"Norway"
1931,"NO","Calidris minuta",2,"Norway"
1931,"SE","Calidris maritima",1,"Sweden"
1932,"NO","Calidris alba",1,"Norway"
1932,"NO","Calidris minuta",2,"Norway"
1932,"SE","Calidris maritima",2,"Sweden"
1932,"SE","Calidris temminckii",1,"Sweden"
1933,"NO","Calidris alba",1,"Norway"
1933,"NO","Calidris minuta",2,"Norway"
1933,"NO","Calidris temminckii",1,"Norway"
1933,"SE","Calidris ferruginea",1,"Sweden"
1933,"SE","Calidris maritima",1,"Sweden"
1934,"NO","Calidris alba",1,"Norway"
1934,"NO","Calidris minuta",2,"Norway"
1935,"NO","Calidris alba",1,"Norway"
1935,"NO","Calidris minuta",2,"Norway"
1935,"NO","Calidris temminckii",1,"Norway"
1935,"SE","Calidris alba",1,"Sweden"
1935,"SE","Calidris ferruginea",1,"Sweden"
1935,"SE","Calidris maritima",2,"Sweden"
1935,"SE","Calidris minuta",2,"Sweden"
1936,"NO","Calidris alba",1,"Norway"
1936,"NO","Calidris ferruginea",2,"Norway"
1936,"NO","Calidris minuta",4,"Norway"
1936,"SE","Calidris minuta",2,"Sweden"
1936,"SE","Calidris temminckii",2,"Sweden"
1937,"NO","Calidris alba",7,"Norway"
1937,"NO","Calidris ferruginea",2,"Norway"
1937,"NO","Calidris minuta",6,"Norway"
1937,"SE","Calidris ferruginea",3,"Sweden"
1937,"SE","Calidris minuta",1,"Sweden"
1937,"SE","Calidris temminckii",2,"Sweden"
1938,"NO","Calidris alba",15,"Norway"
1938,"NO","Calidris ferruginea",10,"Norway"
1938,"NO","Calidris minuta",8,"Norway"
1938,"SE","Calidris ferruginea",1,"Sweden"
1938,"SE","Calidris temminckii",4,"Sweden"
1939,"NO","Calidris alba",45,"Norway"
1939,"NO","Calidris ferruginea",8,"Norway"
1939,"NO","Calidris maritima",6,"Norway"
1939,"NO","Calidris minuta",6,"Norway"
1939,"SE","Calidris alba",1,"Sweden"
1939,"SE","Calidris temminckii",6,"Sweden"
1940,"SE","Calidris temminckii",1,"Sweden"
1941,"SE","Calidris alba",1,"Sweden"
1941,"SE","Calidris temminckii",2,"Sweden"
1942,"SE","Calidris temminckii",2,"Sweden"
1945,"SE","Calidris ferruginea",3,"Sweden"
1946,"NO","Calidris alba",16,"Norway"
1946,"NO","Calidris ferruginea",14,"Norway"
1946,"NO","Calidris minuta",18,"Norway"
1946,"SE","Calidris ferruginea",2,"Sweden"
1947,"NO","Calidris alba",20,"Norway"
1947,"NO","Calidris ferruginea",2,"Norway"
1947,"NO","Calidris minuta",8,"Norway"
1947,"SE","Calidris temminckii",1,"Sweden"
1948,"NO","Calidris alba",44,"Norway"
1948,"NO","Calidris ferruginea",14,"Norway"
1948,"NO","Calidris maritima",2,"Norway"
1948,"NO","Calidris minuta",18,"Norway"
1948,"SE","Calidris alba",3,"Sweden"
1948,"SE","Calidris ferruginea",3,"Sweden"
1948,"SE","Calidris minuta",1,"Sweden"
1948,"SE","Calidris temminckii",5,"Sweden"
1949,"NO","Calidris alba",40,"Norway"
1949,"NO","Calidris ferruginea",20,"Norway"
1949,"NO","Calidris maritima",1,"Norway"
1949,"NO","Calidris minuta",8,"Norway"
1949,"SE","Calidris ferruginea",1,"Sweden"
1949,"SE","Calidris maritima",3,"Sweden"
1949,"SE","Calidris temminckii",1,"Sweden"
1950,"NO","Calidris alba",38,"Norway"
1950,"NO","Calidris alpina",1,"Norway"
1950,"NO","Calidris ferruginea",24,"Norway"
1950,"NO","Calidris maritima",2,"Norway"
1950,"NO","Calidris minuta",20,"Norway"
1950,"NO","Calidris temminckii",1,"Norway"
1950,"SE","Calidris alpina",1,"Sweden"
1950,"SE","Calidris maritima",1,"Sweden"
1950,"SE","Calidris temminckii",2,"Sweden"
1951,"NO","Calidris alba",63,"Norway"
1951,"NO","Calidris ferruginea",32,"Norway"
1951,"NO","Calidris maritima",4,"Norway"
1951,"NO","Calidris minuta",34,"Norway"
1951,"SE","Calidris alpina",1,"Sweden"
1951,"SE","Calidris ferruginea",3,"Sweden"
1952,"NO","Calidris alba",42,"Norway"
1952,"NO","Calidris ferruginea",12,"Norway"
1952,"NO","Calidris maritima",4,"Norway"
1952,"NO","Calidris minuta",14,"Norway"
1952,"NO","Calidris temminckii",4,"Norway"
1952,"SE","Calidris alpina",1,"Sweden"
1952,"SE","Calidris ferruginea",1,"Sweden"
1952,"SE","Calidris minuta",3,"Sweden"
1952,"SE","Calidris temminckii",3,"Sweden"
1953,"FI","Calidris alpina",2,"Finland"
1953,"FI","Calidris temminckii",7,"Finland"
1953,"NO","Calidris alba",20,"Norway"
1953,"NO","Calidris ferruginea",16,"Norway"
1953,"NO","Calidris maritima",2,"Norway"
1953,"NO","Calidris minuta",30,"Norway"
1953,"NO","Calidris temminckii",1,"Norway"
1953,"SE","Calidris alba",1,"Sweden"
1953,"SE","Calidris ferruginea",10,"Sweden"
1953,"SE","Calidris maritima",1,"Sweden"
1953,"SE","Calidris minuta",10,"Sweden"
1953,"SE","Calidris temminckii",12,"Sweden"
1954,"FI","Calidris temminckii",4,"Finland"
1954,"NO","Calidris alba",12,"Norway"
1954,"NO","Calidris ferruginea",9,"Norway"
1954,"NO","Calidris minuta",5,"Norway"
1954,"NO","Calidris temminckii",1,"Norway"
1954,"SE","Calidris alba",2,"Sweden"
1954,"SE","Calidris ferruginea",11,"Sweden"
1954,"SE","Calidris maritima",2,"Sweden"
1954,"SE","Calidris minuta",14,"Sweden"
1954,"SE","Calidris temminckii",15,"Sweden"
1955,"FI","Calidris alpina",2,"Finland"
1955,"FI","Calidris temminckii",7,"Finland"
1955,"NO","Calidris alba",32,"Norway"
1955,"NO","Calidris ferruginea",14,"Norway"
1955,"NO","Calidris minuta",14,"Norway"
1955,"NO","Calidris temminckii",3,"Norway"
1955,"SE","Calidris alba",3,"Sweden"
1955,"SE","Calidris ferruginea",4,"Sweden"
1955,"SE","Calidris maritima",1,"Sweden"
1955,"SE","Calidris minuta",7,"Sweden"
1955,"SE","Calidris temminckii",11,"Sweden"
1956,"FI","Calidris alpina",1,"Finland"
1956,"FI","Calidris temminckii",3,"Finland"
1956,"NO","Calidris alba",29,"Norway"
1956,"NO","Calidris ferruginea",10,"Norway"
1956,"NO","Calidris minuta",17,"Norway"
1956,"NO","Calidris temminckii",1,"Norway"
1956,"SE","Calidris alba",4,"Sweden"
1956,"SE","Calidris ferruginea",3,"Sweden"
1956,"SE","Calidris maritima",1,"Sweden"
1956,"SE","Calidris minuta",3,"Sweden"
1956,"SE","Calidris temminckii",11,"Sweden"
1957,"FI","Calidris alpina",14,"Finland"
1957,"FI","Calidris ferruginea",10,"Finland"
1957,"FI","Calidris temminckii",18,"Finland"
1957,"NO","Calidris alba",22,"Norway"
1957,"NO","Calidris ferruginea",16,"Norway"
1957,"NO","Calidris maritima",2,"Norway"
1957,"NO","Calidris minuta",36,"Norway"
1957,"NO","Calidris temminckii",3,"Norway"
1957,"SE","Calidris alba",2,"Sweden"
1957,"SE","Calidris ferruginea",14,"Sweden"
1957,"SE","Calidris maritima",1,"Sweden"
1957,"SE","Calidris minuta",15,"Sweden"
1957,"SE","Calidris temminckii",12,"Sweden"
1958,"FI","Calidris alpina",27,"Finland"
1958,"FI","Calidris ferruginea",3,"Finland"
1958,"FI","Calidris minuta",46,"Finland"
1958,"FI","Calidris temminckii",46,"Finland"
1958,"NO","Calidris alba",15,"Norway"
1958,"NO","Calidris maritima",6,"Norway"
1958,"NO","Calidris minuta",11,"Norway"
1958,"NO","Calidris temminckii",1,"Norway"
1958,"SE","Calidris alba",4,"Sweden"
1958,"SE","Calidris ferruginea",8,"Sweden"
1958,"SE","Calidris maritima",2,"Sweden"
1958,"SE","Calidris minuta",14,"Sweden"
1958,"SE","Calidris temminckii",14,"Sweden"
1959,"FI","Calidris alpina",38,"Finland"
1959,"FI","Calidris ferruginea",9,"Finland"
1959,"FI","Calidris minuta",6,"Finland"
1959,"FI","Calidris temminckii",60,"Finland"
1959,"NO","Calidris alba",26,"Norway"
1959,"NO","Calidris ferruginea",10,"Norway"
1959,"NO","Calidris maritima",3,"Norway"
1959,"NO","Calidris minuta",11,"Norway"
1959,"NO","Calidris temminckii",2,"Norway"
1959,"SE","Calidris alba",7,"Sweden"
1959,"SE","Calidris ferruginea",25,"Sweden"
1959,"SE","Calidris maritima",10,"Sweden"
1959,"SE","Calidris minuta",42,"Sweden"
1959,"SE","Calidris temminckii",42,"Sweden"
1960,"FI","Calidris alba",6,"Finland"
1960,"FI","Calidris alpina",20,"Finland"
1960,"FI","Calidris ferruginea",16,"Finland"
1960,"FI","Calidris minuta",209,"Finland"
1960,"FI","Calidris temminckii",115,"Finland"
1960,"NO","Calidris alba",30,"Norway"
1960,"NO","Calidris ferruginea",14,"Norway"
1960,"NO","Calidris maritima",1,"Norway"
1960,"NO","Calidris minuta",35,"Norway"
1960,"NO","Calidris temminckii",7,"Norway"
1960,"SE","Calidris alba",20,"Sweden"
1960,"SE","Calidris alpina",1,"Sweden"
1960,"SE","Calidris ferruginea",42,"Sweden"
1960,"SE","Calidris maritima",6,"Sweden"
1960,"SE","Calidris minuta",86,"Sweden"
1960,"SE","Calidris temminckii",63,"Sweden"
1961,"FI","Calidris alba",2,"Finland"
1961,"FI","Calidris alpina",3,"Finland"
1961,"FI","Calidris ferruginea",29,"Finland"
1961,"FI","Calidris minuta",291,"Finland"
1961,"FI","Calidris temminckii",75,"Finland"
1961,"NO","Calidris alba",24,"Norway"
1961,"NO","Calidris ferruginea",3,"Norway"
1961,"NO","Calidris maritima",3,"Norway"
1961,"NO","Calidris minuta",17,"Norway"
1961,"NO","Calidris temminckii",1,"Norway"
1961,"SE","Calidris alba",19,"Sweden"
1961,"SE","Calidris alpina",2,"Sweden"
1961,"SE","Calidris ferruginea",85,"Sweden"
1961,"SE","Calidris maritima",16,"Sweden"
1961,"SE","Calidris minuta",94,"Sweden"
1961,"SE","Calidris temminckii",95,"Sweden"
1962,"FI","Calidris alpina",90,"Finland"
1962,"FI","Calidris ferruginea",31,"Finland"
1962,"FI","Calidris minuta",59,"Finland"
1962,"FI","Calidris temminckii",124,"Finland"
1962,"NO","Calidris alba",5,"Norway"
1962,"NO","Calidris ferruginea",8,"Norway"
1962,"NO","Calidris maritima",6,"Norway"
1962,"NO","Calidris minuta",9,"Norway"
1962,"NO","Calidris temminckii",4,"Norway"
1962,"SE","Calidris alba",21,"Sweden"
1962,"SE","Calidris alpina",18,"Sweden"
1962,"SE","Calidris ferruginea",70,"Sweden"
1962,"SE","Calidris maritima",1,"Sweden"
1962,"SE","Calidris minuta",82,"Sweden"
1962,"SE","Calidris temminckii",115,"Sweden"
1963,"FI","Calidris alba",4,"Finland"
1963,"FI","Calidris alpina",91,"Finland"
1963,"FI","Calidris ferruginea",60,"Finland"
1963,"FI","Calidris minuta",240,"Finland"
1963,"FI","Calidris temminckii",202,"Finland"
1963,"NO","Calidris alba",2,"Norway"
1963,"NO","Calidris ferruginea",28,"Norway"
1963,"NO","Calidris maritima",5,"Norway"
1963,"NO","Calidris minuta",15,"Norway"
1963,"NO","Calidris temminckii",30,"Norway"
1963,"SE","Calidris alba",16,"Sweden"
1963,"SE","Calidris alpina",9,"Sweden"
1963,"SE","Calidris ferruginea",83,"Sweden"
1963,"SE","Calidris maritima",13,"Sweden"
1963,"SE","Calidris minuta",88,"Sweden"
1963,"SE","Calidris temminckii",143,"Sweden"
1964,"FI","Calidris alba",2,"Finland"
1964,"FI","Calidris alpina",157,"Finland"
1964,"FI","Calidris ferruginea",27,"Finland"
1964,"FI","Calidris maritima",1,"Finland"
1964,"FI","Calidris minuta",207,"Finland"
1964,"FI","Calidris temminckii",149,"Finland"
1964,"NO","Calidris alba",8,"Norway"
1964,"NO","Calidris ferruginea",36,"Norway"
1964,"NO","Calidris maritima",3,"Norway"
1964,"NO","Calidris minuta",56,"Norway"
1964,"NO","Calidris temminckii",16,"Norway"
1964,"SE","Calidris alba",28,"Sweden"
1964,"SE","Calidris alpina",12,"Sweden"
1964,"SE","Calidris ferruginea",48,"Sweden"
1964,"SE","Calidris maritima",9,"Sweden"
1964,"SE","Calidris minuta",143,"Sweden"
1964,"SE","Calidris temminckii",118,"Sweden"
1965,"FI","Calidris alba",2,"Finland"
1965,"FI","Calidris alpina",201,"Finland"
1965,"FI","Calidris ferruginea",10,"Finland"
1965,"FI","Calidris maritima",5,"Finland"
1965,"FI","Calidris minuta",96,"Finland"
1965,"FI","Calidris temminckii",146,"Finland"
1965,"NO","Calidris alba",13,"Norway"
1965,"NO","Calidris ferruginea",12,"Norway"
1965,"NO","Calidris maritima",8,"Norway"
1965,"NO","Calidris minuta",24,"Norway"
1965,"NO","Calidris temminckii",28,"Norway"
1965,"SE","Calidris alba",23,"Sweden"
1965,"SE","Calidris alpina",6,"Sweden"
1965,"SE","Calidris ferruginea",62,"Sweden"
1965,"SE","Calidris maritima",20,"Sweden"
1965,"SE","Calidris minuta",94,"Sweden"
1965,"SE","Calidris temminckii",126,"Sweden"
1966,"FI","Calidris alba",2,"Finland"
1966,"FI","Calidris alpina",123,"Finland"
1966,"FI","Calidris ferruginea",15,"Finland"
1966,"FI","Calidris minuta",141,"Finland"
1966,"FI","Calidris temminckii",111,"Finland"
1966,"NO","Calidris alba",14,"Norway"
1966,"NO","Calidris ferruginea",6,"Norway"
1966,"NO","Calidris maritima",9,"Norway"
1966,"NO","Calidris minuta",38,"Norway"
1966,"NO","Calidris temminckii",33,"Norway"
1966,"SE","Calidris alba",48,"Sweden"
1966,"SE","Calidris alpina",12,"Sweden"
1966,"SE","Calidris ferruginea",83,"Sweden"
1966,"SE","Calidris maritima",20,"Sweden"
1966,"SE","Calidris minuta",94,"Sweden"
1966,"SE","Calidris temminckii",145,"Sweden"
1967,"FI","Calidris alba",2,"Finland"
1967,"FI","Calidris alpina",72,"Finland"
1967,"FI","Calidris ferruginea",15,"Finland"
1967,"FI","Calidris maritima",2,"Finland"
1967,"FI","Calidris minuta",84,"Finland"
1967,"FI","Calidris temminckii",141,"Finland"
1967,"NO","Calidris alba",19,"Norway"
1967,"NO","Calidris ferruginea",14,"Norway"
1967,"NO","Calidris maritima",20,"Norway"
1967,"NO","Calidris minuta",39,"Norway"
1967,"NO","Calidris temminckii",24,"Norway"
1967,"SE","Calidris alba",42,"Sweden"
1967,"SE","Calidris alpina",2,"Sweden"
1967,"SE","Calidris ferruginea",75,"Sweden"
1967,"SE","Calidris maritima",25,"Sweden"
1967,"SE","Calidris minuta",115,"Sweden"
1967,"SE","Calidris temminckii",142,"Sweden"
1968,"FI","Calidris alpina",37,"Finland"
1968,"FI","Calidris ferruginea",4,"Finland"
1968,"FI","Calidris maritima",1,"Finland"
1968,"FI","Calidris minuta",5,"Finland"
1968,"FI","Calidris temminckii",127,"Finland"
1968,"NO","Calidris alba",12,"Norway"
1968,"NO","Calidris ferruginea",4,"Norway"
1968,"NO","Calidris maritima",21,"Norway"
1968,"NO","Calidris minuta",14,"Norway"
1968,"NO","Calidris temminckii",22,"Norway"
1968,"SE","Calidris alba",38,"Sweden"
1968,"SE","Calidris alpina",11,"Sweden"
1968,"SE","Calidris ferruginea",38,"Sweden"
1968,"SE","Calidris maritima",11,"Sweden"
1968,"SE","Calidris minuta",88,"Sweden"
1968,"SE","Calidris temminckii",155,"Sweden"
1969,"FI","Calidris alba",2,"Finland"
1969,"FI","Calidris alpina",76,"Finland"
1969,"FI","Calidris ferruginea",13,"Finland"
1969,"FI","Calidris minuta",18,"Finland"
1969,"FI","Calidris temminckii",131,"Finland"
1969,"NO","Calidris alba",44,"Norway"
1969,"NO","Calidris alpina",2,"Norway"
1969,"NO","Calidris ferruginea",68,"Norway"
1969,"NO","Calidris maritima",48,"Norway"
1969,"NO","Calidris minuta",82,"Norway"
1969,"NO","Calidris temminckii",56,"Norway"
1969,"SE","Calidris alba",52,"Sweden"
1969,"SE","Calidris alpina",9,"Sweden"
1969,"SE","Calidris ferruginea",145,"Sweden"
1969,"SE","Calidris maritima",44,"Sweden"
1969,"SE","Calidris minuta",191,"Sweden"
1969,"SE","Calidris temminckii",171,"Sweden"
1970,"FI","Calidris alba",7,"Finland"
1970,"FI","Calidris alpina",28,"Finland"
1970,"FI","Calidris ferruginea",12,"Finland"
1970,"FI","Calidris maritima",3,"Finland"
1970,"FI","Calidris minuta",264,"Finland"
1970,"FI","Calidris temminckii",92,"Finland"
1970,"NO","Calidris alba",50,"Norway"
1970,"NO","Calidris alpina",2,"Norway"
1970,"NO","Calidris ferruginea",85,"Norway"
1970,"NO","Calidris maritima",69,"Norway"
1970,"NO","Calidris minuta",159,"Norway"
1970,"NO","Calidris temminckii",74,"Norway"
1970,"SE","Calidris alba",83,"Sweden"
1970,"SE","Calidris alpina",26,"Sweden"
1970,"SE","Calidris ferruginea",182,"Sweden"
1970,"SE","Calidris maritima",66,"Sweden"
1970,"SE","Calidris minuta",211,"Sweden"
1970,"SE","Calidris temminckii",209,"Sweden"
1971,"FI","Calidris alba",1,"Finland"
1971,"FI","Calidris alpina",21,"Finland"
1971,"FI","Calidris ferruginea",48,"Finland"
1971,"FI","Calidris minuta",21,"Finland"
1971,"FI","Calidris temminckii",164,"Finland"
1971,"NO","Calidris alba",78,"Norway"
1971,"NO","Calidris alpina",1,"Norway"
1971,"NO","Calidris ferruginea",38,"Norway"
1971,"NO","Calidris maritima",54,"Norway"
1971,"NO","Calidris minuta",54,"Norway"
1971,"NO","Calidris temminckii",72,"Norway"
1971,"SE","Calidris alba",41,"Sweden"
1971,"SE","Calidris alpina",50,"Sweden"
1971,"SE","Calidris ferruginea",320,"Sweden"
1971,"SE","Calidris maritima",82,"Sweden"
1971,"SE","Calidris minuta",115,"Sweden"
1971,"SE","Calidris temminckii",228,"Sweden"
1972,"FI","Calidris alba",5,"Finland"
1972,"FI","Calidris alpina",1,"Finland"
1972,"FI","Calidris ferruginea",27,"Finland"
1972,"FI","Calidris maritima",13,"Finland"
1972,"FI","Calidris minuta",98,"Finland"
1972,"FI","Calidris temminckii",101,"Finland"
1972,"NO","Calidris alba",40,"Norway"
1972,"NO","Calidris alpina",1,"Norway"
1972,"NO","Calidris ferruginea",61,"Norway"
1972,"NO","Calidris maritima",100,"Norway"
1972,"NO","Calidris minuta",178,"Norway"
1972,"NO","Calidris temminckii",109,"Norway"
1972,"SE","Calidris alba",59,"Sweden"
1972,"SE","Calidris alpina",13,"Sweden"
1972,"SE","Calidris ferruginea",158,"Sweden"
1972,"SE","Calidris maritima",108,"Sweden"
1972,"SE","Calidris minuta",725,"Sweden"
1972,"SE","Calidris temminckii",242,"Sweden"
1973,"FI","Calidris alba",5,"Finland"
1973,"FI","Calidris alpina",17,"Finland"
1973,"FI","Calidris ferruginea",33,"Finland"
1973,"FI","Calidris maritima",8,"Finland"
1973,"FI","Calidris minuta",320,"Finland"
1973,"FI","Calidris temminckii",148,"Finland"
1973,"NO","Calidris alba",55,"Norway"
1973,"NO","Calidris alpina",2,"Norway"
1973,"NO","Calidris ferruginea",36,"Norway"
1973,"NO","Calidris maritima",91,"Norway"
1973,"NO","Calidris minuta",161,"Norway"
1973,"NO","Calidris temminckii",65,"Norway"
1973,"SE","Calidris alba",146,"Sweden"
1973,"SE","Calidris alpina",9,"Sweden"
1973,"SE","Calidris ferruginea",190,"Sweden"
1973,"SE","Calidris maritima",127,"Sweden"
1973,"SE","Calidris minuta",312,"Sweden"
1973,"SE","Calidris temminckii",397,"Sweden"
1974,"FI","Calidris alpina",1,"Finland"
1974,"FI","Calidris ferruginea",14,"Finland"
1974,"FI","Calidris minuta",134,"Finland"
1974,"FI","Calidris temminckii",89,"Finland"
1974,"NO","Calidris alba",89,"Norway"
1974,"NO","Calidris alpina",2,"Norway"
1974,"NO","Calidris ferruginea",55,"Norway"
1974,"NO","Calidris maritima",85,"Norway"
1974,"NO","Calidris minuta",254,"Norway"
1974,"NO","Calidris temminckii",96,"Norway"
1974,"SE","Calidris alba",126,"Sweden"
1974,"SE","Calidris alpina",15,"Sweden"
1974,"SE","Calidris ferruginea",224,"Sweden"
1974,"SE","Calidris maritima",118,"Sweden"
1974,"SE","Calidris minuta",181,"Sweden"
1974,"SE","Calidris temminckii",312,"Sweden"
1975,"FI","Calidris alba",3,"Finland"
1975,"FI","Calidris alpina",32,"Finland"
1975,"FI","Calidris ferruginea",152,"Finland"
1975,"FI","Calidris maritima",1,"Finland"
1975,"FI","Calidris minuta",887,"Finland"
1975,"FI","Calidris temminckii",201,"Finland"
1975,"NO","Calidris alba",61,"Norway"
1975,"NO","Calidris alpina",1,"Norway"
1975,"NO","Calidris ferruginea",163,"Norway"
1975,"NO","Calidris maritima",58,"Norway"
1975,"NO","Calidris minuta",302,"Norway"
1975,"NO","Calidris temminckii",79,"Norway"
1975,"SE","Calidris alba",139,"Sweden"
1975,"SE","Calidris alpina",5,"Sweden"
1975,"SE","Calidris ferruginea",314,"Sweden"
1975,"SE","Calidris maritima",117,"Sweden"
1975,"SE","Calidris minuta",353,"Sweden"
1975,"SE","Calidris temminckii",335,"Sweden"
1976,"FI","Calidris alba",8,"Finland"
1976,"FI","Calidris alpina",34,"Finland"
1976,"FI","Calidris ferruginea",42,"Finland"
1976,"FI","Calidris maritima",2,"Finland"
1976,"FI","Calidris minuta",223,"Finland"
1976,"FI","Calidris temminckii",76,"Finland"
1976,"NO","Calidris alba",115,"Norway"
1976,"NO","Calidris ferruginea",43,"Norway"
1976,"NO","Calidris maritima",50,"Norway"
1976,"NO","Calidris minuta",225,"Norway"
1976,"NO","Calidris temminckii",77,"Norway"
1976,"SE","Calidris alba",213,"Sweden"
1976,"SE","Calidris alpina",9,"Sweden"
1976,"SE","Calidris ferruginea",170,"Sweden"
1976,"SE","Calidris maritima",89,"Sweden"
1976,"SE","Calidris minuta",361,"Sweden"
1976,"SE","Calidris temminckii",259,"Sweden"
1977,"FI","Calidris alba",12,"Finland"
1977,"FI","Calidris alpina",65,"Finland"
1977,"FI","Calidris ferruginea",144,"Finland"
1977,"FI","Calidris maritima",1,"Finland"
1977,"FI","Calidris minuta",218,"Finland"
1977,"FI","Calidris temminckii",340,"Finland"
1977,"NO","Calidris alba",59,"Norway"
1977,"NO","Calidris ferruginea",79,"Norway"
1977,"NO","Calidris maritima",99,"Norway"
1977,"NO","Calidris minuta",248,"Norway"
1977,"NO","Calidris temminckii",111,"Norway"
1977,"SE","Calidris alba",127,"Sweden"
1977,"SE","Calidris alpina",8,"Sweden"
1977,"SE","Calidris ferruginea",212,"Sweden"
1977,"SE","Calidris maritima",143,"Sweden"
1977,"SE","Calidris minuta",228,"Sweden"
1977,"SE","Calidris temminckii",292,"Sweden"
1978,"FI","Calidris alba",61,"Finland"
1978,"FI","Calidris alpina",36,"Finland"
1978,"FI","Calidris ferruginea",122,"Finland"
1978,"FI","Calidris maritima",8,"Finland"
1978,"FI","Calidris minuta",707,"Finland"
1978,"FI","Calidris temminckii",70,"Finland"
1978,"NO","Calidris alba",121,"Norway"
1978,"NO","Calidris alpina",2,"Norway"
1978,"NO","Calidris ferruginea",172,"Norway"
1978,"NO","Calidris maritima",107,"Norway"
1978,"NO","Calidris minuta",302,"Norway"
1978,"NO","Calidris temminckii",88,"Norway"
1978,"SE","Calidris alba",222,"Sweden"
1978,"SE","Calidris alpina",7,"Sweden"
1978,"SE","Calidris ferruginea",299,"Sweden"
1978,"SE","Calidris maritima",133,"Sweden"
1978,"SE","Calidris minuta",352,"Sweden"
1978,"SE","Calidris temminckii",250,"Sweden"
1979,"FI","Calidris alba",9,"Finland"
1979,"FI","Calidris alpina",23,"Finland"
1979,"FI","Calidris ferruginea",36,"Finland"
1979,"FI","Calidris maritima",4,"Finland"
1979,"FI","Calidris minuta",101,"Finland"
1979,"FI","Calidris temminckii",154,"Finland"
1979,"NO","Calidris alba",82,"Norway"
1979,"NO","Calidris ferruginea",129,"Norway"
1979,"NO","Calidris maritima",102,"Norway"
1979,"NO","Calidris minuta",244,"Norway"
1979,"NO","Calidris temminckii",88,"Norway"
1979,"SE","Calidris alba",173,"Sweden"
1979,"SE","Calidris alpina",20,"Sweden"
1979,"SE","Calidris ferruginea",243,"Sweden"
1979,"SE","Calidris maritima",75,"Sweden"
1979,"SE","Calidris minuta",269,"Sweden"
1979,"SE","Calidris temminckii",216,"Sweden"
1980,"FI","Calidris alba",10,"Finland"
1980,"FI","Calidris alpina",27,"Finland"
1980,"FI","Calidris ferruginea",26,"Finland"
1980,"FI","Calidris maritima",2,"Finland"
1980,"FI","Calidris minuta",46,"Finland"
1980,"FI","Calidris temminckii",98,"Finland"
1980,"NO","Calidris alba",41,"Norway"
1980,"NO","Calidris ferruginea",130,"Norway"
1980,"NO","Calidris maritima",102,"Norway"
1980,"NO","Calidris minuta",301,"Norway"
1980,"NO","Calidris temminckii",163,"Norway"
1980,"SE","Calidris alba",144,"Sweden"
1980,"SE","Calidris alpina",19,"Sweden"
1980,"SE","Calidris ferruginea",232,"Sweden"
1980,"SE","Calidris maritima",228,"Sweden"
1980,"SE","Calidris minuta",323,"Sweden"
1980,"SE","Calidris temminckii",344,"Sweden"
1981,"FI","Calidris alba",19,"Finland"
1981,"FI","Calidris alpina",11,"Finland"
1981,"FI","Calidris ferruginea",68,"Finland"
1981,"FI","Calidris maritima",1,"Finland"
1981,"FI","Calidris minuta",163,"Finland"
1981,"FI","Calidris temminckii",88,"Finland"
1981,"NO","Calidris alba",67,"Norway"
1981,"NO","Calidris ferruginea",81,"Norway"
1981,"NO","Calidris maritima",93,"Norway"
1981,"NO","Calidris minuta",267,"Norway"
1981,"NO","Calidris temminckii",153,"Norway"
1981,"SE","Calidris alba",293,"Sweden"
1981,"SE","Calidris alpina",12,"Sweden"
1981,"SE","Calidris ferruginea",332,"Sweden"
1981,"SE","Calidris maritima",261,"Sweden"
1981,"SE","Calidris minuta",485,"Sweden"
1981,"SE","Calidris temminckii",351,"Sweden"
1982,"FI","Calidris alba",24,"Finland"
1982,"FI","Calidris alpina",8,"Finland"
1982,"FI","Calidris ferruginea",123,"Finland"
1982,"FI","Calidris maritima",1,"Finland"
1982,"FI","Calidris minuta",57,"Finland"
1982,"FI","Calidris temminckii",82,"Finland"
1982,"NO","Calidris alba",109,"Norway"
1982,"NO","Calidris ferruginea",180,"Norway"
1982,"NO","Calidris maritima",148,"Norway"
1982,"NO","Calidris minuta",218,"Norway"
1982,"NO","Calidris temminckii",152,"Norway"
1982,"SE","Calidris alba",236,"Sweden"
1982,"SE","Calidris alpina",23,"Sweden"
1982,"SE","Calidris ferruginea",261,"Sweden"
1982,"SE","Calidris maritima",140,"Sweden"
1982,"SE","Calidris minuta",284,"Sweden"
1982,"SE","Calidris temminckii",357,"Sweden"
1983,"FI","Calidris alba",27,"Finland"
1983,"FI","Calidris alpina",10,"Finland"
1983,"FI","Calidris ferruginea",44,"Finland"
1983,"FI","Calidris maritima",17,"Finland"
1983,"FI","Calidris minuta",40,"Finland"
1983,"FI","Calidris temminckii",114,"Finland"
1983,"NO","Calidris alba",113,"Norway"
1983,"NO","Calidris alpina",1,"Norway"
1983,"NO","Calidris ferruginea",117,"Norway"
1983,"NO","Calidris maritima",108,"Norway"
1983,"NO","Calidris minuta",308,"Norway"
1983,"NO","Calidris temminckii",109,"Norway"
1983,"SE","Calidris alba",215,"Sweden"
1983,"SE","Calidris alpina",14,"Sweden"
1983,"SE","Calidris ferruginea",178,"Sweden"
1983,"SE","Calidris maritima",171,"Sweden"
1983,"SE","Calidris minuta",404,"Sweden"
1983,"SE","Calidris temminckii",305,"Sweden"
1984,"FI","Calidris alba",25,"Finland"
1984,"FI","Calidris alpina",212,"Finland"
1984,"FI","Calidris ferruginea",54,"Finland"
1984,"FI","Calidris maritima",10,"Finland"
1984,"FI","Calidris minuta",75,"Finland"
1984,"FI","Calidris temminckii",68,"Finland"
1984,"NO","Calidris alba",137,"Norway"
1984,"NO","Calidris alpina",2,"Norway"
1984,"NO","Calidris ferruginea",149,"Norway"
1984,"NO","Calidris maritima",120,"Norway"
1984,"NO","Calidris minuta",284,"Norway"
1984,"NO","Calidris temminckii",127,"Norway"
1984,"SE","Calidris alba",271,"Sweden"
1984,"SE","Calidris alpina",14,"Sweden"
1984,"SE","Calidris ferruginea",288,"Sweden"
1984,"SE","Calidris maritima",210,"Sweden"
1984,"SE","Calidris minuta",352,"Sweden"
1984,"SE","Calidris temminckii",284,"Sweden"
1985,"FI","Calidris alba",11,"Finland"
1985,"FI","Calidris alpina",901,"Finland"
1985,"FI","Calidris ferruginea",72,"Finland"
1985,"FI","Calidris maritima",1,"Finland"
1985,"FI","Calidris minuta",110,"Finland"
1985,"FI","Calidris temminckii",89,"Finland"
1985,"NO","Calidris alba",57,"Norway"
1985,"NO","Calidris alpina",1,"Norway"
1985,"NO","Calidris ferruginea",171,"Norway"
1985,"NO","Calidris maritima",117,"Norway"
1985,"NO","Calidris minuta",257,"Norway"
1985,"NO","Calidris temminckii",131,"Norway"
1985,"SE","Calidris alba",264,"Sweden"
1985,"SE","Calidris alpina",8,"Sweden"
1985,"SE","Calidris ferruginea",371,"Sweden"
1985,"SE","Calidris maritima",223,"Sweden"
1985,"SE","Calidris minuta",403,"Sweden"
1985,"SE","Calidris temminckii",399,"Sweden"
1986,"FI","Calidris alba",3,"Finland"
1986,"FI","Calidris alpina",8,"Finland"
1986,"FI","Calidris ferruginea",44,"Finland"
1986,"FI","Calidris maritima",4,"Finland"
1986,"FI","Calidris minuta",145,"Finland"
1986,"FI","Calidris temminckii",100,"Finland"
1986,"NO","Calidris alba",139,"Norway"
1986,"NO","Calidris ferruginea",103,"Norway"
1986,"NO","Calidris maritima",142,"Norway"
1986,"NO","Calidris minuta",316,"Norway"
1986,"NO","Calidris temminckii",114,"Norway"
1986,"SE","Calidris alba",277,"Sweden"
1986,"SE","Calidris alpina",14,"Sweden"
1986,"SE","Calidris ferruginea",307,"Sweden"
1986,"SE","Calidris maritima",262,"Sweden"
1986,"SE","Calidris minuta",428,"Sweden"
1986,"SE","Calidris temminckii",392,"Sweden"
1987,"FI","Calidris alba",8,"Finland"
1987,"FI","Calidris alpina",104,"Finland"
1987,"FI","Calidris ferruginea",42,"Finland"
1987,"FI","Calidris minuta",117,"Finland"
1987,"FI","Calidris temminckii",72,"Finland"
1987,"NO","Calidris alba",162,"Norway"
1987,"NO","Calidris ferruginea",160,"Norway"
1987,"NO","Calidris maritima",115,"Norway"
1987,"NO","Calidris minuta",287,"Norway"
1987,"NO","Calidris temminckii",177,"Norway"
1987,"SE","Calidris alba",278,"Sweden"
1987,"SE","Calidris alpina",26,"Sweden"
1987,"SE","Calidris ferruginea",417,"Sweden"
1987,"SE","Calidris maritima",168,"Sweden"
1987,"SE","Calidris minuta",377,"Sweden"
1987,"SE","Calidris temminckii",611,"Sweden"
1988,"FI","Calidris alba",5,"Finland"
1988,"FI","Calidris alpina",75,"Finland"
1988,"FI","Calidris ferruginea",117,"Finland"
1988,"FI","Calidris maritima",4,"Finland"
1988,"FI","Calidris minuta",616,"Finland"
1988,"FI","Calidris temminckii",136,"Finland"
1988,"NO","Calidris alba",104,"Norway"
1988,"NO","Calidris alpina",1,"Norway"
1988,"NO","Calidris ferruginea",327,"Norway"
1988,"NO","Calidris maritima",177,"Norway"
1988,"NO","Calidris minuta",298,"Norway"
1988,"NO","Calidris temminckii",116,"Norway"
1988,"SE","Calidris alba",190,"Sweden"
1988,"SE","Calidris alpina",24,"Sweden"
1988,"SE","Calidris ferruginea",578,"Sweden"
1988,"SE","Calidris maritima",80,"Sweden"
1988,"SE","Calidris minuta",601,"Sweden"
1988,"SE","Calidris temminckii",457,"Sweden"
1989,"FI","Calidris alba",3,"Finland"
1989,"FI","Calidris alpina",75,"Finland"
1989,"FI","Calidris ferruginea",29,"Finland"
1989,"FI","Calidris minuta",86,"Finland"
1989,"FI","Calidris temminckii",149,"Finland"
1989,"NO","Calidris alba",85,"Norway"
1989,"NO","Calidris ferruginea",33,"Norway"
1989,"NO","Calidris maritima",157,"Norway"
1989,"NO","Calidris minuta",251,"Norway"
1989,"NO","Calidris temminckii",79,"Norway"
1989,"SE","Calidris alba",288,"Sweden"
1989,"SE","Calidris alpina",27,"Sweden"
1989,"SE","Calidris ferruginea",365,"Sweden"
1989,"SE","Calidris maritima",226,"Sweden"
1989,"SE","Calidris minuta",419,"Sweden"
1989,"SE","Calidris temminckii",406,"Sweden"
1990,"FI","Calidris alba",8,"Finland"
1990,"FI","Calidris alpina",76,"Finland"
1990,"FI","Calidris ferruginea",142,"Finland"
1990,"FI","Calidris maritima",2,"Finland"
1990,"FI","Calidris minuta",555,"Finland"
1990,"FI","Calidris temminckii",209,"Finland"
1990,"NO","Calidris alba",114,"Norway"
1990,"NO","Calidris alpina",1,"Norway"
1990,"NO","Calidris ferruginea",278,"Norway"
1990,"NO","Calidris maritima",145,"Norway"
1990,"NO","Calidris minuta",361,"Norway"
1990,"NO","Calidris temminckii",136,"Norway"
1990,"SE","Calidris alba",287,"Sweden"
1990,"SE","Calidris alpina",62,"Sweden"
1990,"SE","Calidris ferruginea",758,"Sweden"
1990,"SE","Calidris maritima",204,"Sweden"
1990,"SE","Calidris minuta",892,"Sweden"
1990,"SE","Calidris temminckii",477,"Sweden"
1991,"FI","Calidris alba",3,"Finland"
1991,"FI","Calidris alpina",25,"Finland"
1991,"FI","Calidris ferruginea",149,"Finland"
1991,"FI","Calidris maritima",5,"Finland"
1991,"FI","Calidris minuta",985,"Finland"
1991,"FI","Calidris temminckii",139,"Finland"
1991,"NO","Calidris alba",101,"Norway"
1991,"NO","Calidris alpina",1,"Norway"
1991,"NO","Calidris ferruginea",160,"Norway"
1991,"NO","Calidris maritima",139,"Norway"
1991,"NO","Calidris minuta",250,"Norway"
1991,"NO","Calidris temminckii",112,"Norway"
1991,"SE","Calidris alba",237,"Sweden"
1991,"SE","Calidris alpina",65,"Sweden"
1991,"SE","Calidris ferruginea",520,"Sweden"
1991,"SE","Calidris maritima",297,"Sweden"
1991,"SE","Calidris minuta",508,"Sweden"
1991,"SE","Calidris temminckii",441,"Sweden"
1992,"FI","Calidris alba",2,"Finland"
1992,"FI","Calidris alpina",102,"Finland"
1992,"FI","Calidris ferruginea",180,"Finland"
1992,"FI","Calidris maritima",2,"Finland"
1992,"FI","Calidris minuta",244,"Finland"
1992,"FI","Calidris temminckii",158,"Finland"
1992,"NO","Calidris alba",62,"Norway"
1992,"NO","Calidris ferruginea",80,"Norway"
1992,"NO","Calidris maritima",128,"Norway"
1992,"NO","Calidris minuta",171,"Norway"
1992,"NO","Calidris temminckii",102,"Norway"
1992,"SE","Calidris alba",326,"Sweden"
1992,"SE","Calidris alpina",62,"Sweden"
1992,"SE","Calidris ferruginea",734,"Sweden"
1992,"SE","Calidris maritima",238,"Sweden"
1992,"SE","Calidris minuta",593,"Sweden"
1992,"SE","Calidris temminckii",485,"Sweden"
1993,"FI","Calidris alba",8,"Finland"
1993,"FI","Calidris alpina",150,"Finland"
1993,"FI","Calidris ferruginea",181,"Finland"
1993,"FI","Calidris maritima",2,"Finland"
1993,"FI","Calidris minuta",743,"Finland"
1993,"FI","Calidris temminckii",223,"Finland"
1993,"NO","Calidris alba",128,"Norway"
1993,"NO","Calidris alpina",2,"Norway"
1993,"NO","Calidris ferruginea",230,"Norway"
1993,"NO","Calidris maritima",119,"Norway"
1993,"NO","Calidris minuta",264,"Norway"
1993,"NO","Calidris temminckii",124,"Norway"
1993,"SE","Calidris alba",353,"Sweden"
1993,"SE","Calidris alpina",85,"Sweden"
1993,"SE","Calidris ferruginea",933,"Sweden"
1993,"SE","Calidris maritima",248,"Sweden"
1993,"SE","Calidris minuta",681,"Sweden"
1993,"SE","Calidris temminckii",528,"Sweden"
1994,"FI","Calidris alba",6,"Finland"
1994,"FI","Calidris alpina",109,"Finland"
1994,"FI","Calidris ferruginea",54,"Finland"
1994,"FI","Calidris minuta",304,"Finland"
1994,"FI","Calidris temminckii",274,"Finland"
1994,"NO","Calidris alba",120,"Norway"
1994,"NO","Calidris ferruginea",111,"Norway"
1994,"NO","Calidris maritima",125,"Norway"
1994,"NO","Calidris minuta",184,"Norway"
1994,"NO","Calidris temminckii",112,"Norway"
1994,"SE","Calidris alba",189,"Sweden"
1994,"SE","Calidris alpina",173,"Sweden"
1994,"SE","Calidris ferruginea",526,"Sweden"
1994,"SE","Calidris maritima",188,"Sweden"
1994,"SE","Calidris minuta",500,"Sweden"
1994,"SE","Calidris temminckii",645,"Sweden"
1995,"FI","Calidris alba",4,"Finland"
1995,"FI","Calidris alpina",41,"Finland"
1995,"FI","Calidris ferruginea",33,"Finland"
1995,"FI","Calidris maritima",4,"Finland"
1995,"FI","Calidris minuta",110,"Finland"
1995,"FI","Calidris temminckii",269,"Finland"
1995,"NO","Calidris alba",116,"Norway"
1995,"NO","Calidris ferruginea",92,"Norway"
1995,"NO","Calidris maritima",96,"Norway"
1995,"NO","Calidris minuta",185,"Norway"
1995,"NO","Calidris temminckii",130,"Norway"
1995,"SE","Calidris alba",242,"Sweden"
1995,"SE","Calidris alpina",76,"Sweden"
1995,"SE","Calidris ferruginea",517,"Sweden"
1995,"SE","Calidris maritima",155,"Sweden"
1995,"SE","Calidris minuta",657,"Sweden"
1995,"SE","Calidris temminckii",617,"Sweden"
1996,"FI","Calidris alba",9,"Finland"
1996,"FI","Calidris alpina",67,"Finland"
1996,"FI","Calidris ferruginea",61,"Finland"
1996,"FI","Calidris maritima",6,"Finland"
1996,"FI","Calidris minuta",685,"Finland"
1996,"FI","Calidris temminckii",181,"Finland"
1996,"NO","Calidris alba",143,"Norway"
1996,"NO","Calidris ferruginea",124,"Norway"
1996,"NO","Calidris maritima",88,"Norway"
1996,"NO","Calidris minuta",327,"Norway"
1996,"NO","Calidris temminckii",113,"Norway"
1996,"SE","Calidris alba",239,"Sweden"
1996,"SE","Calidris alpina",59,"Sweden"
1996,"SE","Calidris ferruginea",571,"Sweden"
1996,"SE","Calidris maritima",415,"Sweden"
1996,"SE","Calidris minuta",887,"Sweden"
1996,"SE","Calidris temminckii",732,"Sweden"
1997,"FI","Calidris alba",14,"Finland"
1997,"FI","Calidris alpina",47,"Finland"
1997,"FI","Calidris ferruginea",68,"Finland"
1997,"FI","Calidris maritima",1,"Finland"
1997,"FI","Calidris minuta",186,"Finland"
1997,"FI","Calidris temminckii",363,"Finland"
1997,"NO","Calidris alba",164,"Norway"
1997,"NO","Calidris ferruginea",130,"Norway"
1997,"NO","Calidris maritima",182,"Norway"
1997,"NO","Calidris minuta",169,"Norway"
1997,"NO","Calidris temminckii",165,"Norway"
1997,"SE","Calidris alba",314,"Sweden"
1997,"SE","Calidris alpina",45,"Sweden"
1997,"SE","Calidris ferruginea",496,"Sweden"
1997,"SE","Calidris maritima",311,"Sweden"
1997,"SE","Calidris minuta",518,"Sweden"
1997,"SE","Calidris temminckii",768,"Sweden"
1998,"FI","Calidris alba",6,"Finland"
1998,"FI","Calidris alpina",27,"Finland"
1998,"FI","Calidris ferruginea",91,"Finland"
1998,"FI","Calidris maritima",3,"Finland"
1998,"FI","Calidris minuta",282,"Finland"
1998,"FI","Calidris temminckii",141,"Finland"
1998,"NO","Calidris alba",122,"Norway"
1998,"NO","Calidris alpina",4,"Norway"
1998,"NO","Calidris ferruginea",239,"Norway"
1998,"NO","Calidris maritima",186,"Norway"
1998,"NO","Calidris minuta",372,"Norway"
1998,"NO","Calidris temminckii",111,"Norway"
1998,"SE","Calidris alba",347,"Sweden"
1998,"SE","Calidris alpina",58,"Sweden"
1998,"SE","Calidris ferruginea",1103,"Sweden"
1998,"SE","Calidris maritima",314,"Sweden"
1998,"SE","Calidris minuta",1288,"Sweden"
1998,"SE","Calidris temminckii",846,"Sweden"
1999,"FI","Calidris alba",1,"Finland"
1999,"FI","Calidris alpina",37,"Finland"
1999,"FI","Calidris ferruginea",26,"Finland"
1999,"FI","Calidris maritima",3,"Finland"
1999,"FI","Calidris minuta",127,"Finland"
1999,"FI","Calidris temminckii",279,"Finland"
1999,"NO","Calidris alba",135,"Norway"
1999,"NO","Calidris ferruginea",260,"Norway"
1999,"NO","Calidris maritima",231,"Norway"
1999,"NO","Calidris minuta",245,"Norway"
1999,"NO","Calidris temminckii",199,"Norway"
1999,"SE","Calidris alba",315,"Sweden"
1999,"SE","Calidris alpina",80,"Sweden"
1999,"SE","Calidris ferruginea",1484,"Sweden"
1999,"SE","Calidris maritima",352,"Sweden"
1999,"SE","Calidris minuta",784,"Sweden"
1999,"SE","Calidris temminckii",838,"Sweden"
2000,"FI","Calidris alba",7,"Finland"
2000,"FI","Calidris alpina",43,"Finland"
2000,"FI","Calidris ferruginea",12,"Finland"
2000,"FI","Calidris maritima",4,"Finland"
2000,"FI","Calidris minuta",22,"Finland"
2000,"FI","Calidris temminckii",126,"Finland"
2000,"NO","Calidris alba",153,"Norway"
2000,"NO","Calidris ferruginea",210,"Norway"
2000,"NO","Calidris maritima",260,"Norway"
2000,"NO","Calidris minuta",266,"Norway"
2000,"NO","Calidris temminckii",259,"Norway"
2000,"SE","Calidris alba",497,"Sweden"
2000,"SE","Calidris alpina",389,"Sweden"
2000,"SE","Calidris ferruginea",1267,"Sweden"
2000,"SE","Calidris maritima",350,"Sweden"
2000,"SE","Calidris minuta",813,"Sweden"
2000,"SE","Calidris temminckii",1083,"Sweden"
2001,"FI","Calidris alba",6,"Finland"
2001,"FI","Calidris alpina",3,"Finland"
2001,"FI","Calidris ferruginea",67,"Finland"
2001,"FI","Calidris maritima",1,"Finland"
2001,"FI","Calidris minuta",165,"Finland"
2001,"FI","Calidris temminckii",142,"Finland"
2001,"NO","Calidris alba",170,"Norway"
2001,"NO","Calidris ferruginea",340,"Norway"
2001,"NO","Calidris maritima",195,"Norway"
2001,"NO","Calidris minuta",345,"Norway"
2001,"NO","Calidris temminckii",257,"Norway"
2001,"SE","Calidris alba",854,"Sweden"
2001,"SE","Calidris alpina",420,"Sweden"
2001,"SE","Calidris ferruginea",2203,"Sweden"
2001,"SE","Calidris maritima",474,"Sweden"
2001,"SE","Calidris minuta",1517,"Sweden"
2001,"SE","Calidris temminckii",1904,"Sweden"
2002,"FI","Calidris alba",15,"Finland"
2002,"FI","Calidris alpina",60,"Finland"
2002,"FI","Calidris ferruginea",48,"Finland"
2002,"FI","Calidris maritima",18,"Finland"
2002,"FI","Calidris minuta",48,"Finland"
2002,"FI","Calidris temminckii",288,"Finland"
2002,"NO","Calidris alba",193,"Norway"
2002,"NO","Calidris ferruginea",183,"Norway"
2002,"NO","Calidris maritima",242,"Norway"
2002,"NO","Calidris minuta",247,"Norway"
2002,"NO","Calidris temminckii",266,"Norway"
2002,"SE","Calidris alba",963,"Sweden"
2002,"SE","Calidris alpina",334,"Sweden"
2002,"SE","Calidris ferruginea",1518,"Sweden"
2002,"SE","Calidris maritima",714,"Sweden"
2002,"SE","Calidris minuta",1348,"Sweden"
2002,"SE","Calidris temminckii",2119,"Sweden"
2003,"FI","Calidris alba",4,"Finland"
2003,"FI","Calidris alpina",95,"Finland"
2003,"FI","Calidris ferruginea",21,"Finland"
2003,"FI","Calidris maritima",4,"Finland"
2003,"FI","Calidris minuta",21,"Finland"
2003,"FI","Calidris temminckii",253,"Finland"
2003,"NO","Calidris alba",267,"Norway"
2003,"NO","Calidris alpina",8,"Norway"
2003,"NO","Calidris ferruginea",175,"Norway"
2003,"NO","Calidris maritima",316,"Norway"
2003,"NO","Calidris minuta",225,"Norway"
2003,"NO","Calidris temminckii",288,"Norway"
2003,"SE","Calidris alba",1271,"Sweden"
2003,"SE","Calidris alpina",152,"Sweden"
2003,"SE","Calidris ferruginea",2081,"Sweden"
2003,"SE","Calidris maritima",1146,"Sweden"
2003,"SE","Calidris minuta",1513,"Sweden"
2003,"SE","Calidris temminckii",2911,"Sweden"
2004,"FI","Calidris alba",16,"Finland"
2004,"FI","Calidris alpina",64,"Finland"
2004,"FI","Calidris ferruginea",49,"Finland"
2004,"FI","Calidris maritima",8,"Finland"
2004,"FI","Calidris minuta",48,"Finland"
2004,"FI","Calidris temminckii",251,"Finland"
2004,"NO","Calidris alba",299,"Norway"
2004,"NO","Calidris ferruginea",277,"Norway"
2004,"NO","Calidris maritima",314,"Norway"
2004,"NO","Calidris minuta",414,"Norway"
2004,"NO","Calidris temminckii",272,"Norway"
2004,"SE","Calidris alba",1632,"Sweden"
2004,"SE","Calidris alpina",125,"Sweden"
2004,"SE","Calidris ferruginea",3531,"Sweden"
2004,"SE","Calidris maritima",1065,"Sweden"
2004,"SE","Calidris minuta",2888,"Sweden"
2004,"SE","Calidris temminckii",3986,"Sweden"
2005,"FI","Calidris alba",12,"Finland"
2005,"FI","Calidris alpina",148,"Finland"
2005,"FI","Calidris ferruginea",38,"Finland"
2005,"FI","Calidris maritima",16,"Finland"
2005,"FI","Calidris minuta",23,"Finland"
2005,"FI","Calidris temminckii",257,"Finland"
2005,"NO","Calidris alba",281,"Norway"
2005,"NO","Calidris ferruginea",263,"Norway"
2005,"NO","Calidris maritima",313,"Norway"
2005,"NO","Calidris minuta",242,"Norway"
2005,"NO","Calidris temminckii",316,"Norway"
2005,"SE","Calidris alba",1681,"Sweden"
2005,"SE","Calidris alpina",112,"Sweden"
2005,"SE","Calidris ferruginea",3323,"Sweden"
2005,"SE","Calidris maritima",993,"Sweden"
2005,"SE","Calidris minuta",2309,"Sweden"
2005,"SE","Calidris temminckii",4308,"Sweden"
2006,"FI","Calidris alba",12,"Finland"
2006,"FI","Calidris alpina",176,"Finland"
2006,"FI","Calidris ferruginea",33,"Finland"
2006,"FI","Calidris maritima",17,"Finland"
2006,"FI","Calidris minuta",59,"Finland"
2006,"FI","Calidris temminckii",306,"Finland"
2006,"NO","Calidris alba",220,"Norway"
2006,"NO","Calidris ferruginea",152,"Norway"
2006,"NO","Calidris maritima",332,"Norway"
2006,"NO","Calidris minuta",312,"Norway"
2006,"NO","Calidris temminckii",287,"Norway"
2006,"SE","Calidris alba",1559,"Sweden"
2006,"SE","Calidris alpina",205,"Sweden"
2006,"SE","Calidris ferruginea",2689,"Sweden"
2006,"SE","Calidris maritima",1108,"Sweden"
2006,"SE","Calidris minuta",3062,"Sweden"
2006,"SE","Calidris temminckii",3953,"Sweden"
2007,"FI","Calidris alba",11,"Finland"
2007,"FI","Calidris alpina",211,"Finland"
2007,"FI","Calidris ferruginea",48,"Finland"
2007,"FI","Calidris maritima",8,"Finland"
2007,"FI","Calidris minuta",34,"Finland"
2007,"FI","Calidris temminckii",413,"Finland"
2007,"NO","Calidris alba",236,"Norway"
2007,"NO","Calidris ferruginea",261,"Norway"
2007,"NO","Calidris maritima",344,"Norway"
2007,"NO","Calidris minuta",341,"Norway"
2007,"NO","Calidris temminckii",297,"Norway"
2007,"SE","Calidris alba",1985,"Sweden"
2007,"SE","Calidris alpina",331,"Sweden"
2007,"SE","Calidris ferruginea",4956,"Sweden"
2007,"SE","Calidris maritima",1346,"Sweden"
2007,"SE","Calidris minuta",3654,"Sweden"
2007,"SE","Calidris temminckii",4260,"Sweden"
2008,"FI","Calidris alba",8,"Finland"
2008,"FI","Calidris alpina",210,"Finland"
2008,"FI","Calidris ferruginea",22,"Finland"
2008,"FI","Calidris maritima",20,"Finland"
2008,"FI","Calidris minuta",24,"Finland"
2008,"FI","Calidris temminckii",175,"Finland"
2008,"NO","Calidris alba",530,"Norway"
2008,"NO","Calidris ferruginea",359,"Norway"
2008,"NO","Calidris maritima",579,"Norway"
2008,"NO","Calidris minuta",621,"Norway"
2008,"NO","Calidris temminckii",520,"Norway"
2008,"SE","Calidris alba",1682,"Sweden"
2008,"SE","Calidris alpina",298,"Sweden"
2008,"SE","Calidris ferruginea",3693,"Sweden"
2008,"SE","Calidris maritima",1438,"Sweden"
2008,"SE","Calidris minuta",2886,"Sweden"
2008,"SE","Calidris temminckii",4450,"Sweden"
2009,"FI","Calidris alba",19,"Finland"
2009,"FI","Calidris alpina",184,"Finland"
2009,"FI","Calidris ferruginea",54,"Finland"
2009,"FI","Calidris maritima",12,"Finland"
2009,"FI","Calidris minuta",22,"Finland"
2009,"FI","Calidris temminckii",237,"Finland"
2009,"NO","Calidris alba",766,"Norway"
2009,"NO","Calidris ferruginea",716,"Norway"
2009,"NO","Calidris maritima",1083,"Norway"
2009,"NO","Calidris minuta",616,"Norway"
2009,"NO","Calidris temminckii",754,"Norway"
2009,"SE","Calidris alba",1979,"Sweden"
2009,"SE","Calidris alpina",255,"Sweden"
2009,"SE","Calidris ferruginea",5020,"Sweden"
2009,"SE","Calidris maritima",1371,"Sweden"
2009,"SE","Calidris minuta",2100,"Sweden"
2009,"SE","Calidris temminckii",3805,"Sweden"
2010,"FI","Calidris alba",6,"Finland"
2010,"FI","Calidris alpina",257,"Finland"
2010,"FI","Calidris ferruginea",50,"Finland"
2010,"FI","Calidris maritima",15,"Finland"
2010,"FI","Calidris minuta",31,"Finland"
2010,"FI","Calidris temminckii",203,"Finland"
2010,"NO","Calidris alba",760,"Norway"
2010,"NO","Calidris ferruginea",666,"Norway"
2010,"NO","Calidris maritima",1283,"Norway"
2010,"NO","Calidris minuta",900,"Norway"
2010,"NO","Calidris temminckii",816,"Norway"
2010,"SE","Calidris alba",1712,"Sweden"
2010,"SE","Calidris alpina",280,"Sweden"
2010,"SE","Calidris ferruginea",4528,"Sweden"
2010,"SE","Calidris maritima",1850,"Sweden"
2010,"SE","Calidris minuta",2785,"Sweden"
2010,"SE","Calidris temminckii",4306,"Sweden"
2011,"FI","Calidris alba",8,"Finland"
2011,"FI","Calidris alpina",358,"Finland"
2011,"FI","Calidris ferruginea",64,"Finland"
2011,"FI","Calidris maritima",29,"Finland"
2011,"FI","Calidris minuta",43,"Finland"
2011,"FI","Calidris temminckii",119,"Finland"
2011,"NO","Calidris alba",756,"Norway"
2011,"NO","Calidris alpina",1,"Norway"
2011,"NO","Calidris ferruginea",1027,"Norway"
2011,"NO","Calidris maritima",1669,"Norway"
2011,"NO","Calidris minuta",1291,"Norway"
2011,"NO","Calidris temminckii",895,"Norway"
2011,"SE","Calidris alba",1686,"Sweden"
2011,"SE","Calidris alpina",436,"Sweden"
2011,"SE","Calidris ferruginea",4590,"Sweden"
2011,"SE","Calidris maritima",1942,"Sweden"
2011,"SE","Calidris minuta",3801,"Sweden"
2011,"SE","Calidris temminckii",5127,"Sweden"
2012,"FI","Calidris alba",23,"Finland"
2012,"FI","Calidris alpina",296,"Finland"
2012,"FI","Calidris ferruginea",63,"Finland"
2012,"FI","Calidris maritima",58,"Finland"
2012,"FI","Calidris minuta",80,"Finland"
2012,"FI","Calidris temminckii",80,"Finland"
2012,"NO","Calidris alba",856,"Norway"
2012,"NO","Calidris ferruginea",522,"Norway"
2012,"NO","Calidris maritima",1484,"Norway"
2012,"NO","Calidris minuta",842,"Norway"
2012,"NO","Calidris temminckii",969,"Norway"
2012,"SE","Calidris alba",2128,"Sweden"
2012,"SE","Calidris alpina",486,"Sweden"
2012,"SE","Calidris ferruginea",4267,"Sweden"
2012,"SE","Calidris maritima",1458,"Sweden"
2012,"SE","Calidris minuta",3371,"Sweden"
2012,"SE","Calidris temminckii",4459,"Sweden"
2013,"FI","Calidris alba",8,"Finland"
2013,"FI","Calidris alpina",188,"Finland"
2013,"FI","Calidris ferruginea",26,"Finland"
2013,"FI","Calidris maritima",120,"Finland"
2013,"FI","Calidris minuta",37,"Finland"
2013,"FI","Calidris temminckii",109,"Finland"
2013,"NO","Calidris alba",1031,"Norway"
2013,"NO","Calidris ferruginea",769,"Norway"
2013,"NO","Calidris maritima",1714,"Norway"
2013,"NO","Calidris minuta",1114,"Norway"
2013,"NO","Calidris temminckii",907,"Norway"
2013,"SE","Calidris alba",1818,"Sweden"
2013,"SE","Calidris alpina",401,"Sweden"
2013,"SE","Calidris ferruginea",4289,"Sweden"
2013,"SE","Calidris maritima",1829,"Sweden"
2013,"SE","Calidris minuta",2949,"Sweden"
2013,"SE","Calidris temminckii",3807,"Sweden"
2014,"FI","Calidris alba",19,"Finland"
2014,"FI","Calidris alpina",226,"Finland"
2014,"FI","Calidris ferruginea",52,"Finland"
2014,"FI","Calidris maritima",86,"Finland"
2014,"FI","Calidris minuta",63,"Finland"
2014,"FI","Calidris temminckii",116,"Finland"
2014,"NO","Calidris alba",1154,"Norway"
2014,"NO","Calidris alpina",3,"Norway"
2014,"NO","Calidris ferruginea",848,"Norway"
2014,"NO","Calidris maritima",2009,"Norway"
2014,"NO","Calidris minuta",1757,"Norway"
2014,"NO","Calidris temminckii",1242,"Norway"
2014,"SE","Calidris alba",2230,"Sweden"
2014,"SE","Calidris alpina",250,"Sweden"
2014,"SE","Calidris ferruginea",4338,"Sweden"
2014,"SE","Calidris maritima",2588,"Sweden"
2014,"SE","Calidris minuta",3860,"Sweden"
2014,"SE","Calidris temminckii",4058,"Sweden"
2015,"FI","Calidris alba",13,"Finland"
2015,"FI","Calidris alpina",132,"Finland"
2015,"FI","Calidris ferruginea",40,"Finland"
2015,"FI","Calidris maritima",270,"Finland"
2015,"FI","Calidris minuta",38,"Finland"
2015,"FI","Calidris temminckii",80,"Finland"
2015,"NO","Calidris alba",932,"Norway"
2015,"NO","Calidris alpina",13,"Norway"
2015,"NO","Calidris ferruginea",301,"Norway"
2015,"NO","Calidris maritima",1884,"Norway"
2015,"NO","Calidris minuta",1063,"Norway"
2015,"NO","Calidris temminckii",1254,"Norway"
2015,"SE","Calidris alba",1970,"Sweden"
2015,"SE","Calidris alpina",456,"Sweden"
2015,"SE","Calidris ferruginea",3740,"Sweden"
2015,"SE","Calidris maritima",2091,"Sweden"
2015,"SE","Calidris minuta",2695,"Sweden"
2015,"SE","Calidris temminckii",4141,"Sweden"
2016,"FI","Calidris alba",12,"Finland"
2016,"FI","Calidris alpina",244,"Finland"
2016,"FI","Calidris ferruginea",93,"Finland"
2016,"FI","Calidris maritima",114,"Finland"
2016,"FI","Calidris minuta",47,"Finland"
2016,"FI","Calidris temminckii",109,"Finland"
2016,"NO","Calidris alba",1321,"Norway"
2016,"NO","Calidris ferruginea",1013,"Norway"
2016,"NO","Calidris maritima",1557,"Norway"
2016,"NO","Calidris minuta",1559,"Norway"
2016,"NO","Calidris temminckii",969,"Norway"
2016,"SE","Calidris alba",2344,"Sweden"
2016,"SE","Calidris alpina",389,"Sweden"
2016,"SE","Calidris ferruginea",5235,"Sweden"
2016,"SE","Calidris maritima",2082,"Sweden"
2016,"SE","Calidris minuta",4692,"Sweden"
2016,"SE","Calidris temminckii",4715,"Sweden"
2017,"FI","Calidris alba",30,"Finland"
2017,"FI","Calidris alpina",246,"Finland"
2017,"FI","Calidris ferruginea",68,"Finland"
2017,"FI","Calidris maritima",130,"Finland"
2017,"FI","Calidris minuta",107,"Finland"
2017,"FI","Calidris temminckii",226,"Finland"
2017,"NO","Calidris alba",1127,"Norway"
2017,"NO","Calidris ferruginea",509,"Norway"
2017,"NO","Calidris maritima",2059,"Norway"
2017,"NO","Calidris minuta",1370,"Norway"
2017,"NO","Calidris temminckii",1098,"Norway"
2017,"SE","Calidris alba",1877,"Sweden"
2017,"SE","Calidris alpina",433,"Sweden"
2017,"SE","Calidris ferruginea",3441,"Sweden"
2017,"SE","Calidris maritima",2635,"Sweden"
2017,"SE","Calidris minuta",3828,"Sweden"
2017,"SE","Calidris temminckii",4529,"Sweden"
2018,"FI","Calidris alba",15,"Finland"
2018,"FI","Calidris alpina",184,"Finland"
2018,"FI","Calidris ferruginea",55,"Finland"
2018,"FI","Calidris maritima",107,"Finland"
2018,"FI","Calidris minuta",46,"Finland"
2018,"FI","Calidris temminckii",185,"Finland"
2018,"NO","Calidris alba",1160,"Norway"
2018,"NO","Calidris alpina",3,"Norway"
2018,"NO","Calidris ferruginea",450,"Norway"
2018,"NO","Calidris maritima",2058,"Norway"
2018,"NO","Calidris minuta",652,"Norway"
2018,"NO","Calidris temminckii",1048,"Norway"
2018,"SE","Calidris alba",1965,"Sweden"
2018,"SE","Calidris alpina",244,"Sweden"
2018,"SE","Calidris ferruginea",3975,"Sweden"
2018,"SE","Calidris maritima",2255,"Sweden"
2018,"SE","Calidris minuta",2384,"Sweden"
2018,"SE","Calidris temminckii",4211,"Sweden"
2019,"FI","Calidris alba",41,"Finland"
2019,"FI","Calidris alpina",118,"Finland"
2019,"FI","Calidris ferruginea",67,"Finland"
2019,"FI","Calidris maritima",127,"Finland"
2019,"FI","Calidris minuta",87,"Finland"
2019,"FI","Calidris temminckii",324,"Finland"
2019,"NO","Calidris alba",974,"Norway"
2019,"NO","Calidris alpina",1,"Norway"
2019,"NO","Calidris ferruginea",531,"Norway"
2019,"NO","Calidris maritima",2054,"Norway"
2019,"NO","Calidris minuta",771,"Norway"
2019,"NO","Calidris temminckii",1254,"Norway"
2019,"SE","Calidris alba",1835,"Sweden"
2019,"SE","Calidris alpina",275,"Sweden"
2019,"SE","Calidris ferruginea",4164,"Sweden"
2019,"SE","Calidris maritima",2320,"Sweden"
2019,"SE","Calidris minuta",2327,"Sweden"
2019,"SE","Calidris temminckii",4080,"Sweden"
2020,"FI","Calidris alba",48,"Finland"
2020,"FI","Calidris alpina",446,"Finland"
2020,"FI","Calidris ferruginea",156,"Finland"
2020,"FI","Calidris maritima",200,"Finland"
2020,"FI","Calidris minuta",179,"Finland"
2020,"FI","Calidris temminckii",339,"Finland"
2020,"NO","Calidris alba",1314,"Norway"
2020,"NO","Calidris alpina",4,"Norway"
2020,"NO","Calidris ferruginea",855,"Norway"
2020,"NO","Calidris maritima",2389,"Norway"
2020,"NO","Calidris minuta",1067,"Norway"
2020,"NO","Calidris temminckii",1275,"Norway"
2020,"SE","Calidris alba",3085,"Sweden"
2020,"SE","Calidris alpina",456,"Sweden"
2020,"SE","Calidris ferruginea",6186,"Sweden"
2020,"SE","Calidris maritima",3100,"Sweden"
2020,"SE","Calidris minuta",4003,"Sweden"
2020,"SE","Calidris temminckii",5345,"Sweden"
2021,"FI","Calidris alba",58,"Finland"
2021,"FI","Calidris alpina",651,"Finland"
2021,"FI","Calidris ferruginea",155,"Finland"
2021,"FI","Calidris maritima",141,"Finland"
2021,"FI","Calidris minuta",205,"Finland"
2021,"FI","Calidris temminckii",368,"Finland"
2021,"NO","Calidris alba",1732,"Norway"
2021,"NO","Calidris alpina",1,"Norway"
2021,"NO","Calidris ferruginea",613,"Norway"
2021,"NO","Calidris maritima",2857,"Norway"
2021,"NO","Calidris minuta",1850,"Norway"
2021,"NO","Calidris temminckii",1188,"Norway"
2021,"SE","Calidris alba",3720,"Sweden"
2021,"SE","Calidris alpina",437,"Sweden"
2021,"SE","Calidris ferruginea",4815,"Sweden"
2021,"SE","Calidris maritima",3990,"Sweden"
2021,"SE","Calidris minuta",5052,"Sweden"
2021,"SE","Calidris temminckii",5350,"Sweden"
2022,"FI","Calidris alba",63,"Finland"
2022,"FI","Calidris alpina",361,"Finland"
2022,"FI","Calidris ferruginea",189,"Finland"
2022,"FI","Calidris maritima",110,"Finland"
2022,"FI","Calidris minuta",213,"Finland"
2022,"FI","Calidris temminckii",524,"Finland"
2022,"NO","Calidris alba",1807,"Norway"
2022,"NO","Calidris alpina",4,"Norway"
2022,"NO","Calidris ferruginea",880,"Norway"
2022,"NO","Calidris maritima",3329,"Norway"
2022,"NO","Calidris minuta",1474,"Norway"
2022,"NO","Calidris temminckii",1500,"Norway"
2022,"SE","Calidris alba",3236,"Sweden"
2022,"SE","Calidris alpina",395,"Sweden"
2022,"SE","Calidris ferruginea",5577,"Sweden"
2022,"SE","Calidris maritima",4474,"Sweden"
2022,"SE","Calidris minuta",5051,"Sweden"
2022,"SE","Calidris temminckii",5431,"Sweden"
2023,"FI","Calidris alba",37,"Finland"
2023,"FI","Calidris alpina",621,"Finland"
2023,"FI","Calidris ferruginea",158,"Finland"
2023,"FI","Calidris maritima",94,"Finland"
2023,"FI","Calidris minuta",222,"Finland"
2023,"FI","Calidris temminckii",652,"Finland"
2023,"NO","Calidris alba",1640,"Norway"
2023,"NO","Calidris alpina",1,"Norway"
2023,"NO","Calidris ferruginea",1078,"Norway"
2023,"NO","Calidris maritima",3395,"Norway"
2023,"NO","Calidris minuta",1848,"Norway"
2023,"NO","Calidris temminckii",1850,"Norway"
2023,"SE","Calidris alba",3233,"Sweden"
2023,"SE","Calidris alpina",656,"Sweden"
2023,"SE","Calidris ferruginea",7226,"Sweden"
2023,"SE","Calidris maritima",4855,"Sweden"
2023,"SE","Calidris minuta",5131,"Sweden"
2023,"SE","Calidris temminckii",5777,"Sweden"
2024,"FI","Calidris alba",48,"Finland"
2024,"FI","Calidris alpina",161,"Finland"
2024,"FI","Calidris ferruginea",141,"Finland"
2024,"FI","Calidris maritima",75,"Finland"
2024,"FI","Calidris minuta",188,"Finland"
2024,"FI","Calidris temminckii",644,"Finland"
2024,"NO","Calidris alba",1735,"Norway"
2024,"NO","Calidris alpina",2,"Norway"
2024,"NO","Calidris ferruginea",752,"Norway"
2024,"NO","Calidris maritima",4146,"Norway"
2024,"NO","Calidris minuta",1525,"Norway"
2024,"NO","Calidris temminckii",1585,"Norway"
2024,"SE","Calidris alba",2223,"Sweden"
2024,"SE","Calidris alpina",623,"Sweden"
2024,"SE","Calidris ferruginea",5035,"Sweden"
2024,"SE","Calidris maritima",5236,"Sweden"
2024,"SE","Calidris minuta",2821,"Sweden"
2024,"SE","Calidris temminckii",4403,"Sweden"
2025,"FI","Calidris alba",7,"Finland"
2025,"FI","Calidris alpina",62,"Finland"
2025,"FI","Calidris ferruginea",27,"Finland"
2025,"FI","Calidris maritima",13,"Finland"
2025,"FI","Calidris minuta",26,"Finland"
2025,"FI","Calidris temminckii",121,"Finland"
2025,"NO","Calidris alba",1238,"Norway"
2025,"NO","Calidris alpina",1,"Norway"
2025,"NO","Calidris ferruginea",891,"Norway"
2025,"NO","Calidris maritima",2999,"Norway"
2025,"NO","Calidris minuta",1547,"Norway"
2025,"NO","Calidris temminckii",1547,"Norway"
2025,"SE","Calidris alba",2211,"Sweden"
2025,"SE","Calidris alpina",641,"Sweden"
2025,"SE","Calidris ferruginea",4992,"Sweden"
2025,"SE","Calidris maritima",4770,"Sweden"
2025,"SE","Calidris minuta",3219,"Sweden"
2025,"SE","Calidris temminckii",5755,"Sweden"
2026,"FI","Calidris maritima",1,"Finland"
2026,"NO","Calidris alba",4,"Norway"
2026,"NO","Calidris maritima",130,"Norway"
2026,"SE","Calidris alba",32,"Sweden"
2026,"SE","Calidris alpina",2,"Sweden"
2026,"SE","Calidris maritima",485,"Sweden"
